{"cameraMode":{"drawMode":0,"name":"Shaded","section":"Shading Mode"},"sceneLighting":true,"audioPlay":false,"sceneViewState":{"showFog":true,"showMaterialUpdate":false,"showSkybox":true,"showFlares":true,"showImageEffects":true,"showParticleSystems":true,"showVisualEffectGraphs":true,"m_FxEnabled":true},"in2DMode":false,"pivot":{"x":1.2547529935836793,"y":0.2090781033039093,"z":0.123016357421875},"rotation":{"x":0.213556170463562,"y":-0.14012236893177033,"z":0.030966412276029588,"w":0.9663360118865967},"size":13.451096534729004,"orthographic":true}