{"cameraMode":{"drawMode":0,"name":"Shaded","section":"Shading Mode"},"sceneLighting":true,"audioPlay":false,"sceneViewState":{"showFog":true,"showMaterialUpdate":false,"showSkybox":true,"showFlares":true,"showImageEffects":true,"showParticleSystems":true,"showVisualEffectGraphs":true,"m_FxEnabled":true},"in2DMode":false,"pivot":{"x":2.5773797035217287,"y":-8.218098640441895,"z":3.5522003173828127},"rotation":{"x":-0.010823538526892662,"y":0.9374380707740784,"z":-0.34677621722221377,"w":-0.029256030917167665},"size":13.617047309875489,"orthographic":false}